Device,Start Time,End Time,Duration,Complexity,Priority,Type,Processing Time
EdgeServer1,0.6547409963092224,3.1547409963092226,3,3,1,Local,2.5
EdgeServer1,0.8147409963092225,6.370296551864778,5,4,2,Local,5.555555555555555
EdgeServer3,1.4547409963092224,6.909286450854676,6,6,1,Local,5.454545454545453
EdgeServer1,0.4854227529307229,0.5643701213517756,4,4,2,Cloud,0.07894736842105265
EdgeServer1,0.565422752930723,0.6887780160886177,5,5,2,Cloud,0.12335526315789469
EdgeServer1,0.6054227529307229,0.7781201213517756,7,5,3,Cloud,0.17269736842105265
