Device,Start Time,End Time,Duration,Complexity,Priority,Type,Processing Time
EdgeServer1,1.2392905082592627,10.961512730481484,7,5,3,Local,9.722222222222221
EdgeServer2,0.670929539766739,2.470929539766739,3,3,1,Local,1.7999999999999998
EdgeServer2,0.8420138153461207,4.842013815346121,5,4,2,Local,4.0
EdgeServer3,1.0020138153461207,3.4262562395885445,4,4,2,Local,2.424242424242424
EdgeServer3,1.1592905082592626,4.94716929613805,5,5,2,Local,3.787878787878787
EdgeServer2,0.743581587587081,0.9212131665344494,6,6,1,Cloud,0.17763157894736836
