Device,Start Time,End Time,Duration,Complexity,Priority,Type,Processing Time
EdgeServer,0.0,4.444444444444445,4,4,2,Local,4.444444444444445
EdgeServer,0.0,10.0,6,6,1,Local,10.0
EdgeServer,0.32710000280618523,1.941241687275451,3,3,1,Cloud,1.6141416844692658
EdgeServer,0.40710000280618525,3.6726702587040227,5,4,2,Cloud,3.2655702558978374
EdgeServer,1.941241687275451,6.081097657459003,5,5,2,Cloud,4.139855970183552
EdgeServer,3.6726702587040227,9.281097657459004,7,5,3,Cloud,5.608427398754981
