Device,Start Time,End Time,Duration,Complexity,Priority,Type,Processing Time
EdgeServer_0,0.0,9.722222222222221,7,5,3,Local,9.722222222222221
EdgeServer_1,0.0,4.444444444444445,4,4,2,Local,4.444444444444445
EdgeServer_1,0.0,6.944444444444445,5,5,2,Local,6.944444444444445
EdgeServer_2,0.0,10.0,6,6,1,Local,10.0
EdgeServer_2,0.3394907620124491,0.7400282128083715,3,3,1,Cloud,0.4005374507959224
EdgeServer_1,0.4197032113289913,0.9545169779143874,5,4,2,Cloud,0.534813766585396
