Device,Start Time,End Time,Duration,Complexity,Priority,Type,Processing Time
EdgeServer1,0.6794462042100164,3.1794462042100164,3,3,1,Local,2.5
EdgeServer1,1.1350223358408358,8.07946678028528,5,5,2,Local,6.944444444444445
EdgeServer1,1.4794462042100163,11.479446204210017,6,6,1,Local,10.0
EdgeServer2,1.2150223358408356,8.215022335840835,7,5,3,Local,7.0
EdgeServer3,0.9821502006194605,3.4063926248618843,4,4,2,Local,2.424242424242424
EdgeServer1,0.4129002355206535,0.5115844460469693,5,4,2,Cloud,0.09868421052631576
