Device,Start Time,End Time,Duration,Complexity,Priority,Type,Processing Time
EdgeServer1,0.7052852500759355,3.2052852500759355,3,3,1,Local,2.5
EdgeServer1,1.5052852500759353,11.505285250075936,6,6,1,Local,10.0
EdgeServer3,1.1586582595101338,4.946537047388921,5,5,2,Local,3.7878787878787876
EdgeServer3,1.2386582595101334,6.541688562540436,7,5,3,Local,5.303030303030303
EdgeServer1,0.424257206142444,0.5229414166687598,5,4,2,Cloud,0.09868421052631582
EdgeServer1,0.504257206142444,0.5832045745634966,4,4,2,Cloud,0.07894736842105265
