Device,Start Time,End Time,Duration,Complexity,Priority,Type,Processing Time
EdgeServer,0.0,2.5,3,3,1,Local,2.5
EdgeServer,0.0,4.444444444444445,4,4,2,Local,4.444444444444445
EdgeServer,0.0,5.555555555555555,5,4,2,Local,5.555555555555555
EdgeServer,0.0,9.722222222222221,7,5,3,Local,9.722222222222221
EdgeServer,0.0,10.0,6,6,1,Local,10.0
EdgeServer,0.0,2.500973007770469,4,3,1,Offloaded,2.500973007770469
EdgeServer,0.0,4.758115864913327,5,5,2,Offloaded,4.758115864913327
EdgeServer,0.4048224371583208,2.500973007770469,4,3,1,Cloud,2.096150570612148
EdgeServer,0.6048224371583208,4.758115864913327,5,5,2,Cloud,4.153293427755006
