Device,Start Time,End Time,Duration,Complexity,Priority,Type,Processing Time
EdgeServer1,1.478884190012331,11.47888419001233,6,6,1,Local,10.0
EdgeServer2,1.2495357661738176,8.249535766173818,7,5,3,Local,7.0
EdgeServer3,1.0398609394183085,3.4641033636607323,4,4,2,Local,2.424242424242424
EdgeServer2,0.3274800044388514,0.3718878991756935,3,3,1,Cloud,0.04440789473684209
EdgeServer1,0.44845675384482886,0.5471409643711447,5,4,2,Cloud,0.09868421052631582
EdgeServer3,0.5781315806003381,0.7014868437582329,5,5,2,Cloud,0.1233552631578948
