Device,Start Time,End Time,Duration,Complexity,Priority,Type,Processing Time
EdgeServer,0.0,20.642484160207335,9.103580339251236,9.070050855136483,2,Local,20.642484160207335
EdgeServer,20.642484160207335,27.5013004758604,8.41345906316338,3.260878202014674,2,Local,6.8588163156530655
EdgeServer,27.5013004758604,45.59639979845053,9.465618956419553,7.646662899024934,3,Local,18.095099322590126
EdgeServer,45.59639979845053,46.81354192628001,2.8622034407348864,1.700986184988972,3,Local,1.217142127829483
EdgeServer,46.81354192628001,53.3785838297543,4.978492900452737,5.274722318376528,3,Local,6.565041903474288
EdgeServer,53.3785838297543,55.256592225341,2.634782269993776,2.851102221195896,4,Local,1.8780083955867042
EdgeServer,58.23306076878762,62.692911555856966,1.9109055423117067,9.335575596633774,4,Local,4.45985078706935
EdgeServer,55.256592225341,58.23306076878762,2.0147245930897837,8.864145165018009,4,Offloaded,2.9764685434466145
EdgeServer,55.256592225341,58.23306076878762,2.0147245930897837,8.864145165018009,4,Cloud,2.9764685434466145
