Device,Start Time,End Time,Duration,Complexity,Priority,Type,Processing Time
EdgeServer1,1.469874380410301,11.469874380410301,6,6,1,Local,10.0
EdgeServer2,0.852418646956318,4.852418646956318,5,4,2,Local,4.0
EdgeServer2,1.2437063574250722,8.243706357425072,7,5,3,Local,7.0
EdgeServer2,0.34266727637249844,0.38707517110934053,3,3,1,Cloud,0.04440789473684209
EdgeServer1,0.5252115429185152,0.6041589113395679,4,4,2,Cloud,0.07894736842105265
EdgeServer3,0.5964992533872697,0.7198545165451644,5,5,2,Cloud,0.12335526315789469
