Device,Start Time,End Time,Duration,Complexity,Priority,Type,Processing Time
EdgeServer,0.0,2.25,3,3,1,Local,2.25
EdgeServer,3.75,10.0,5,5,2,Local,6.25
EdgeServer,14.166666666666668,26.416666666666668,7,7,3,Local,12.25
EdgeServer,2.25,3.75,3,3,1,Offloaded,1.5
EdgeServer,10.0,14.166666666666668,5,5,2,Offloaded,4.166666666666668
EdgeServer,26.416666666666668,34.583333333333336,7,7,3,Offloaded,8.166666666666668
EdgeServer,2.25,3.75,3,3,1,Cloud,1.5
EdgeServer,10.0,14.166666666666668,5,5,2,Cloud,4.166666666666668
EdgeServer,26.416666666666668,34.583333333333336,7,7,3,Cloud,8.166666666666668
